"title","price"
"Lightweight Fall Jacket","$169.99 USD"
"MacBook Pro","$1,749.00 USD"
"Samsung Universe 9","$1,249.00 USD"
"Samsung Galaxy Book","$1,499.00 USD"
"HP Pavilion 15-DK1056WM","$1,099.00 USD"
"perfume Oil","$13.00 USD"
"Hyaluronic Acid Serum","$19.00 USD"
"cereals muesli fruit nuts","$46.00 USD"
"Plant Hanger For Home","$41.00 USD"
"3D Embellishment Art Lamp","$20.00 USD"
"Handcraft Chinese style","$60.00 USD"
"Sofa for Coffe Cafe","$50.00 USD"
"Sleeve Shirt Womens","$90.00 USD"
"Women Sweaters Wool","$600.00 USD"
"women winter clothes","$57.00 USD"
"Stiched Kurta plus trouser","$80.00 USD"
"Ladies Multicolored Dress","$79.00 USD"
"Malai Maxi Dress","$50.00 USD"
"Women Shoes","$36.00 USD"
"half sleeves T shirts","$23.00 USD"
"Loafers for men","$47.00 USD"
"Leather Straps Wristwatch","$120.00 USD"
"Fashion Magnetic Wrist Watch","$60.00 USD"
"Golden Watch Pearls Bracelet Watch","$47.00 USD"
"Leather Hand Bag","$57.00 USD"
"Chain Pin Tassel Earrings","$45.00 USD"
"Wiley X Night Vision Yellow Glasses","$30.00 USD"
"LouisWill Men Sunglasses","$50.00 USD"
"t Temperature Controller Incubator Controller","$40.00 USD"
"lighting ceiling kitchen","$30.00 USD"
"3 lights lndenpant kitchen islang","$34.00 USD"
"American Vintage Wood Pendant Light","$46.00 USD"